"age","sexm","nihss_baseline","mrs_before1","mrs_before2","mrs_before3","mrs_before4","stroke_beforey","tia_beforey","rf_hypertoniay","rf_diabetesy","rf_hypercholesterolemiay","rf_smokery","rf_atrial_fibrillationy","rf_chdy"
-0.077419213950634,0.0441691428422928,0.937239229679108,0.316279381513596,1.6520003080368,0.963289678096771,0.835761308670044,0.227899834513664,0.0160404667258263,0.221892565488815,0.0392534472048283,-0.0136561822146177,0.135706827044487,0.108096748590469,0.0340937189757824
