"mrs_before1","mrs_before2","mrs_before3","mrs_before4"
0.409901022911072,1.80452954769135,1.16711246967316,2.86537599563599
