"age","sexm","nihss_baseline","mrs_before1","mrs_before2","mrs_before3","mrs_before4","stroke_beforey","tia_beforey","rf_hypertoniay","rf_diabetesy","rf_hypercholesterolemiay","rf_smokery","rf_atrial_fibrillationy","rf_chdy"
0.034580085426569,0.051803108304739,0.970782160758972,0.747388660907745,1.61227667331696,1.08062839508057,1.80470478534698,0.132994696497917,0.0256841089576483,0.197930678725243,-0.0948620215058327,-0.156194075942039,0.0820285007357597,0.0279582086950541,0.114445246756077
