"age","sexm","nihss_baseline","mrs_before1","mrs_before2","mrs_before3","mrs_before4","stroke_beforey","tia_beforey","rf_hypertoniay","rf_diabetesy","rf_hypercholesterolemiay","rf_smokery","rf_atrial_fibrillationy","rf_chdy"
0.0954043567180634,-0.0119875576347113,0.97975093126297,0.330251157283783,1.41713738441467,1.00998294353485,2.78216409683228,0.190461650490761,0.166798248887062,0.190550521016121,-0.104936391115189,-0.0509722977876663,0.0922784209251404,0.00841007381677628,0.0417687296867371
