"mrs_before1","mrs_before2","mrs_before3","mrs_before4"
0.854476690292358,1.66364097595215,1.30845510959625,3.14723587036133
