"mrs_before1","mrs_before2","mrs_before3","mrs_before4"
0.544581472873688,1.79570734500885,1.01168751716614,2.90548825263977
