"mrs_before1","mrs_before2","mrs_before3","mrs_before4"
0.848112881183624,1.66394174098969,1.30730605125427,3.14496564865112
