"age","sexm","nihss_baseline","mrs_before1","mrs_before2","mrs_before3","mrs_before4","stroke_beforey","tia_beforey","rf_hypertoniay","rf_diabetesy","rf_hypercholesterolemiay","rf_smokery","rf_atrial_fibrillationy","rf_chdy"
0.0949963107705116,-0.00917818676680326,0.977513909339905,0.331585973501205,1.41899418830872,1.01081764698029,2.7893922328949,0.188383743166924,0.16775569319725,0.191257774829865,-0.105650208890438,-0.0510441586375237,0.092905692756176,0.00980202574282885,0.0405002124607563
