"mrs_before1","mrs_before2","mrs_before3","mrs_before4"
0.676340699195862,1.69375717639923,1.22171628475189,2.8758487701416
