"age","sexm","nihss_baseline","mrs_before1","mrs_before2","mrs_before3","mrs_before4","stroke_beforey","tia_beforey","rf_hypertoniay","rf_diabetesy","rf_hypercholesterolemiay","rf_smokery","rf_atrial_fibrillationy","rf_chdy"
0.096921990523281,-0.0154493238251085,0.979123744408685,0.332397591897211,1.41819473224595,1.01237836488427,2.78214536974847,0.190160636863195,0.165956690524689,0.19090851693706,-0.102690431954119,-0.0515239674924693,0.0909382844255334,0.0105821610589846,0.0420267129657907
