"age","sexm","nihss_baseline","mrs_before1","mrs_before2","mrs_before3","mrs_before4","stroke_beforey","tia_beforey","rf_hypertoniay","rf_diabetesy","rf_hypercholesterolemiay","rf_smokery","rf_atrial_fibrillationy","rf_chdy"
0.00859132274392477,-0.00533702468025746,0.913285741420524,0.477542445636221,1.73014378239473,0.939229002864053,1.91247141815424,0.033867287624039,0.039877328069752,0.247318226440093,-0.0709979651634784,-0.0912873235099954,0.167840413712993,0.092321943956697,0.176433902958097
