"mrs_before1","mrs_before2","mrs_before3","mrs_before4"
0.676039695739746,1.70493364334106,1.2201179265976,2.86972332000732
