"age","sexm","nihss_baseline","mrs_before1","mrs_before2","mrs_before3","mrs_before4","stroke_beforey","tia_beforey","rf_hypertoniay","rf_diabetesy","rf_hypercholesterolemiay","rf_smokery","rf_atrial_fibrillationy","rf_chdy"
0.0759096145629883,-0.00805084966123104,0.979434847831726,0.336388826370239,1.41812884807587,0.997656941413879,2.77436828613281,0.182286158204079,0.168044343590736,0.184969291090965,-0.112648852169514,-0.0558639317750931,0.0962092727422714,-0.000859135645441711,0.0348788686096668
