"age","sexm","nihss_baseline","mrs_before1","mrs_before2","mrs_before3","mrs_before4","stroke_beforey","tia_beforey","rf_hypertoniay","rf_diabetesy","rf_hypercholesterolemiay","rf_smokery","rf_atrial_fibrillationy","rf_chdy"
0.0379007197916508,-0.0194086749106646,1.24946868419647,0.745816349983215,1.48438477516174,1.19560599327087,1.68886184692383,0.169992879033089,0.0339496955275536,0.183862254023552,-0.0212687253952026,0.0432795807719231,0.107937723398209,0.149588629603386,0.035031545907259
