"age","sexm","nihss_baseline","mrs_before1","mrs_before2","mrs_before3","mrs_before4","stroke_beforey","tia_beforey","rf_hypertoniay","rf_diabetesy","rf_hypercholesterolemiay","rf_smokery","rf_atrial_fibrillationy","rf_chdy"
-0.0789374262094498,0.0429869703948498,0.929107010364532,0.31543093919754,1.65144872665405,0.954282224178314,0.841245114803314,0.229382529854774,0.0184461511671543,0.222787946462631,0.0384265445172787,-0.0167383626103401,0.134217947721481,0.107112362980843,0.0256040059030056
