"age","sexm","nihss_baseline","mrs_before1","mrs_before2","mrs_before3","mrs_before4","stroke_beforey","tia_beforey","rf_hypertoniay","rf_diabetesy","rf_hypercholesterolemiay","rf_smokery","rf_atrial_fibrillationy","rf_chdy"
-0.00181276409421116,-0.000390779052395374,0.913652062416077,0.483546763658524,1.73225057125092,0.932107985019684,1.91918480396271,0.0286200847476721,0.0379074215888977,0.244130179286003,-0.076978787779808,-0.0910345986485481,0.175985857844353,0.0904651135206223,0.178183138370514
