"age","sexm","nihss_baseline","mrs_before1","mrs_before2","mrs_before3","mrs_before4","stroke_beforey","tia_beforey","rf_hypertoniay","rf_diabetesy","rf_hypercholesterolemiay","rf_smokery","rf_atrial_fibrillationy","rf_chdy"
-0.0769899040460587,0.0400755852460861,0.936772048473358,0.316869109869003,1.65542423725128,0.955889344215393,0.852874338626862,0.225943312048912,0.0145654752850533,0.224364519119263,0.0390388518571854,-0.0136632118374109,0.136682868003845,0.110369347035885,0.029763825237751
