"age","sexm","nihss_baseline","mrs_before1","mrs_before2","mrs_before3","mrs_before4","stroke_beforey","tia_beforey","rf_hypertoniay","rf_diabetesy","rf_hypercholesterolemiay","rf_smokery","rf_atrial_fibrillationy","rf_chdy"
0.0438562636981674,0.045109628190953,0.987992475550756,0.749485817936788,1.61432816475658,1.0899250819682,1.80813910998231,0.131513925674484,0.021066917731644,0.198687998897432,-0.0823084693705888,-0.1491129560418,0.0700319192431059,0.0346378376833909,0.109419286839701
