"age","sexm","nihss_baseline","mrs_before1","mrs_before2","mrs_before3","mrs_before4","stroke_beforey","tia_beforey","rf_hypertoniay","rf_diabetesy","rf_hypercholesterolemiay","rf_smokery","rf_atrial_fibrillationy","rf_chdy"
-0.0756934434175491,0.0426239408552647,0.933495998382568,0.316099762916565,1.65557098388672,0.960663378238678,0.837709844112396,0.229933589696884,0.0166961587965488,0.222194015979767,0.0363081395626068,-0.0152930812910199,0.134859815239906,0.107233323156834,0.0284285563975573
