"age","sexm","nihss_baseline","mrs_before1","mrs_before2","mrs_before3","mrs_before4","stroke_beforey","tia_beforey","rf_hypertoniay","rf_diabetesy","rf_hypercholesterolemiay","rf_smokery","rf_atrial_fibrillationy","rf_chdy"
-0.0077075744047761,0.00203592400066555,0.916501522064209,0.482072114944458,1.73208713531494,0.932835519313812,1.9301450252533,0.0353978164494038,0.0309152659028769,0.244378641247749,-0.0741484314203262,-0.0963877215981483,0.175901845097542,0.0890809595584869,0.175025343894958
