"age","sexm","nihss_baseline","mrs_before1","mrs_before2","mrs_before3","mrs_before4","stroke_beforey","tia_beforey","rf_hypertoniay","rf_diabetesy","rf_hypercholesterolemiay","rf_smokery","rf_atrial_fibrillationy","rf_chdy"
0.0218566600233316,0.0482629239559174,0.985763192176819,0.751179158687592,1.61977112293243,1.08066773414612,1.81172668933868,0.127240121364594,0.0167772695422173,0.193596214056015,-0.0933965295553207,-0.15446349978447,0.0795121714472771,0.0253247059881687,0.108671940863132
