"age","sexm","nihss_baseline","mrs_before1","mrs_before2","mrs_before3","mrs_before4","stroke_beforey","tia_beforey","rf_hypertoniay","rf_diabetesy","rf_hypercholesterolemiay","rf_smokery","rf_atrial_fibrillationy","rf_chdy"
-0.00606621149927378,0.00575144402682781,0.91196995973587,0.477328181266785,1.72709667682648,0.92875999212265,1.91141641139984,0.0307693332433701,0.041893545538187,0.249068766832352,-0.0810966193675995,-0.0924592837691307,0.180045425891876,0.0886946246027946,0.18381667137146
