"mrs_before1","mrs_before2","mrs_before3","mrs_before4"
0.542574644088745,1.79437553882599,1.011714220047,2.90891265869141
