"age","sexm","nihss_baseline","mrs_before1","mrs_before2","mrs_before3","mrs_before4","stroke_beforey","tia_beforey","rf_hypertoniay","rf_diabetesy","rf_hypercholesterolemiay","rf_smokery","rf_atrial_fibrillationy","rf_chdy"
-0.0608751475811005,-0.0248718298971653,1.0495525598526,0.587524771690369,1.87881481647491,1.51367044448853,2.24790072441101,0.10180538892746,0.0344534292817116,0.198374852538109,0.017787916585803,-0.17611101269722,0.115390308201313,-0.0649139955639839,0.151135623455048
