"age","sexm","nihss_baseline","mrs_before1","mrs_before2","mrs_before3","mrs_before4","stroke_beforey","tia_beforey","rf_hypertoniay","rf_diabetesy","rf_hypercholesterolemiay","rf_smokery","rf_atrial_fibrillationy","rf_chdy"
-0.0487696900963783,-0.0233571454882622,1.04893958568573,0.584088504314423,1.88207411766052,1.51859450340271,2.25589442253113,0.109113372862339,0.038966927677393,0.202249929308891,0.0256394855678082,-0.175219148397446,0.110196530818939,-0.0614377968013287,0.155412614345551
