"mrs_before1","mrs_before2","mrs_before3","mrs_before4"
0.415103822946548,1.80063784122467,1.17013418674469,2.86418581008911
