"mrs_before1","mrs_before2","mrs_before3","mrs_before4"
0.416618764400482,1.80393517017365,1.15823030471802,2.84196662902832
