"age","sexm","nihss_baseline","mrs_before1","mrs_before2","mrs_before3","mrs_before4","stroke_beforey","tia_beforey","rf_hypertoniay","rf_diabetesy","rf_hypercholesterolemiay","rf_smokery","rf_atrial_fibrillationy","rf_chdy"
-0.0679915547370911,-0.0247543323785067,1.03599452972412,0.585074424743652,1.88299822807312,1.50822997093201,2.23332238197327,0.0992299467325211,0.0454620867967606,0.191940322518349,0.0082509582862258,-0.16991414129734,0.116617470979691,-0.0740754827857018,0.153788104653358
