"age","sexm","nihss_baseline","mrs_before1","mrs_before2","mrs_before3","mrs_before4","stroke_beforey","tia_beforey","rf_hypertoniay","rf_diabetesy","rf_hypercholesterolemiay","rf_smokery","rf_atrial_fibrillationy","rf_chdy"
0.00138707959558815,-0.00495510781183839,0.918226361274719,0.482618361711502,1.73262214660645,0.932612955570221,1.91769087314606,0.028272183611989,0.0361060313880444,0.249115034937859,-0.0760597065091133,-0.0923129469156265,0.17786879837513,0.0956424325704575,0.179408490657806
