"age","sexm","nihss_baseline","mrs_before1","mrs_before2","mrs_before3","mrs_before4","stroke_beforey","tia_beforey","rf_hypertoniay","rf_diabetesy","rf_hypercholesterolemiay","rf_smokery","rf_atrial_fibrillationy","rf_chdy"
0.0202797017991543,0.0444913469254971,0.986361563205719,0.754939079284668,1.61778223514557,1.08731734752655,1.81938815116882,0.128201499581337,0.0193146355450153,0.191736295819283,-0.0917053520679474,-0.154198214411736,0.0758081749081612,0.0268577728420496,0.107902124524117
