"age","sexm","nihss_baseline","mrs_before1","mrs_before2","mrs_before3","mrs_before4","stroke_beforey","tia_beforey","rf_hypertoniay","rf_diabetesy","rf_hypercholesterolemiay","rf_smokery","rf_atrial_fibrillationy","rf_chdy"
0.0393985100090504,-0.0212253201752901,1.25103974342346,0.745341837406158,1.48530972003937,1.19741988182068,1.68794560432434,0.172624930739403,0.0346893854439259,0.18606498837471,-0.0198518317192793,0.0427756197750568,0.11145818978548,0.152567028999329,0.0380330346524715
