"age","sexm","nihss_baseline","mrs_before1","mrs_before2","mrs_before3","mrs_before4","stroke_beforey","tia_beforey","rf_hypertoniay","rf_diabetesy","rf_hypercholesterolemiay","rf_smokery","rf_atrial_fibrillationy","rf_chdy"
-0.076777808368206,0.0428752601146698,0.926016867160797,0.317094653844833,1.6524418592453,0.962209343910217,0.825315058231354,0.230953231453896,0.0176572538912296,0.223447293043137,0.035204540938139,-0.0130214998498559,0.137250676751137,0.10300474613905,0.0335687845945358
