"mrs_before1","mrs_before2","mrs_before3","mrs_before4"
0.541436612606049,1.79213833808899,1.00528156757355,2.90123319625854
