"age","sexm","nihss_baseline","mrs_before1","mrs_before2","mrs_before3","mrs_before4","stroke_beforey","tia_beforey","rf_hypertoniay","rf_diabetesy","rf_hypercholesterolemiay","rf_smokery","rf_atrial_fibrillationy","rf_chdy"
-0.0801335722208023,0.0460457876324654,0.925939857959747,0.316360116004944,1.65415179729462,0.961025655269623,0.828115105628967,0.228316083550453,0.0190742239356041,0.222572818398476,0.0354949757456779,-0.0123559581115842,0.143822178244591,0.105782821774483,0.0362838581204414
