"mrs_before1","mrs_before2","mrs_before3","mrs_before4"
0.411796599626541,1.80290460586548,1.16910016536713,2.87463426589966
