"age","sexm","nihss_baseline","mrs_before1","mrs_before2","mrs_before3","mrs_before4","stroke_beforey","tia_beforey","rf_hypertoniay","rf_diabetesy","rf_hypercholesterolemiay","rf_smokery","rf_atrial_fibrillationy","rf_chdy"
-0.0443274982624758,-0.0290074380391121,1.03764129997188,0.585210892147482,1.88028831810834,1.51966647689134,2.23576432954028,0.111640592323396,0.0425526391889253,0.200120089479712,0.0228942860549664,-0.166827684550838,0.101011497876412,-0.0650755265375344,0.148029550244641
