"mrs_before1","mrs_before2","mrs_before3","mrs_before4"
0.667384684085846,1.88854730129242,1.66933929920197,3.05338740348816
