"age","sexm","nihss_baseline","mrs_before1","mrs_before2","mrs_before3","mrs_before4","stroke_beforey","tia_beforey","rf_hypertoniay","rf_diabetesy","rf_hypercholesterolemiay","rf_smokery","rf_atrial_fibrillationy","rf_chdy"
-0.0540049746632576,-0.0247148778289557,1.03773474693298,0.588637292385101,1.87947237491608,1.51754367351532,2.22775411605835,0.105240404605865,0.0431163460016251,0.195236891508102,0.0140704978257418,-0.165528014302254,0.114438556134701,-0.068152628839016,0.157926455140114
