"mrs_before1","mrs_before2","mrs_before3","mrs_before4"
0.676518619060516,1.70801305770874,1.22755789756775,2.86751413345337
