"age","sexm","nihss_baseline","mrs_before1","mrs_before2","mrs_before3","mrs_before4","stroke_beforey","tia_beforey","rf_hypertoniay","rf_diabetesy","rf_hypercholesterolemiay","rf_smokery","rf_atrial_fibrillationy","rf_chdy"
0.0359014011919498,-0.0222862232476473,1.25340378284454,0.747376978397369,1.48644697666168,1.1988673210144,1.68727934360504,0.169061005115509,0.0329510197043419,0.183025047183037,-0.0234760548919439,0.0429494567215443,0.111358113586903,0.152590349316597,0.0346764884889126
