"age","sexm","nihss_baseline","mrs_before1","mrs_before2","mrs_before3","mrs_before4","stroke_beforey","tia_beforey","rf_hypertoniay","rf_diabetesy","rf_hypercholesterolemiay","rf_smokery","rf_atrial_fibrillationy","rf_chdy"
0.0319496989250183,0.0574012212455273,0.977721571922302,0.750425398349762,1.61380994319916,1.08089959621429,1.80215775966644,0.131558418273926,0.0187258739024401,0.195769652724266,-0.0916877165436745,-0.157317191362381,0.0872355028986931,0.0287316311150789,0.115629747509956
