"age","sexm","nihss_baseline","mrs_before1","mrs_before2","mrs_before3","mrs_before4","stroke_beforey","tia_beforey","rf_hypertoniay","rf_diabetesy","rf_hypercholesterolemiay","rf_smokery","rf_atrial_fibrillationy","rf_chdy"
0.0841840207576752,-0.0169544797390699,0.985071778297424,0.338127881288528,1.41777670383453,1.00698459148407,2.76821422576904,0.184325352311134,0.16568198800087,0.19442418217659,-0.105903387069702,-0.052526019513607,0.0893202796578407,0.00031865420169197,0.0422733537852764
