"mrs_before1","mrs_before2","mrs_before3","mrs_before4"
0.668385088443756,1.89320337772369,1.66869747638702,3.03333258628845
