"age","sexm","nihss_baseline","mrs_before1","mrs_before2","mrs_before3","mrs_before4","stroke_beforey","tia_beforey","rf_hypertoniay","rf_diabetesy","rf_hypercholesterolemiay","rf_smokery","rf_atrial_fibrillationy","rf_chdy"
-0.0520314797759056,-0.0287511385977268,1.04446697235107,0.587475538253784,1.87448787689209,1.5086464881897,2.23598480224609,0.101380102336407,0.0406222827732563,0.193217247724533,0.0186781566590071,-0.168397158384323,0.106075584888458,-0.062595434486866,0.148305669426918
