"mrs_before1","mrs_before2","mrs_before3","mrs_before4"
0.850817620754242,1.664830327034,1.30832803249359,3.14772725105286
