"age","sexm","nihss_baseline","mrs_before1","mrs_before2","mrs_before3","mrs_before4","stroke_beforey","tia_beforey","rf_hypertoniay","rf_diabetesy","rf_hypercholesterolemiay","rf_smokery","rf_atrial_fibrillationy","rf_chdy"
0.0298874005675316,-0.01832065731287,1.24645936489105,0.745960593223572,1.48116493225098,1.18994414806366,1.69403660297394,0.168952777981758,0.0330187380313873,0.180608719587326,-0.0200275387614965,0.0405865795910358,0.114555455744267,0.147251114249229,0.0316276662051678
