"age","sexm","nihss_baseline","mrs_before1","mrs_before2","mrs_before3","mrs_before4","stroke_beforey","tia_beforey","rf_hypertoniay","rf_diabetesy","rf_hypercholesterolemiay","rf_smokery","rf_atrial_fibrillationy","rf_chdy"
0.0412773266434669,0.0463515222072601,0.988381087779999,0.750044167041779,1.61582171916962,1.09200978279114,1.80796492099762,0.132137686014175,0.0213868953287601,0.199912339448929,-0.082058385014534,-0.148370653390884,0.0702242329716682,0.0354783907532692,0.109272457659245
