"age","sexm","nihss_baseline","mrs_before1","mrs_before2","mrs_before3","mrs_before4","stroke_beforey","tia_beforey","rf_hypertoniay","rf_diabetesy","rf_hypercholesterolemiay","rf_smokery","rf_atrial_fibrillationy","rf_chdy"
-0.00971490330994129,-0.0020722271874547,0.920299410820007,0.479126542806625,1.73181319236755,0.92777019739151,1.92878174781799,0.0266334507614374,0.0293319430202246,0.248287945985794,-0.0756198018789291,-0.0972931236028671,0.180014058947563,0.0895941033959389,0.177140206098557
