"mrs_before1","mrs_before2","mrs_before3","mrs_before4"
0.848390817642212,1.66490888595581,1.30800139904022,3.14195942878723
