"age","sexm","nihss_baseline","mrs_before1","mrs_before2","mrs_before3","mrs_before4","stroke_beforey","tia_beforey","rf_hypertoniay","rf_diabetesy","rf_hypercholesterolemiay","rf_smokery","rf_atrial_fibrillationy","rf_chdy"
0.0961702391505241,-0.0168335270136595,0.978730261325836,0.332634836435318,1.41819202899933,1.01143550872803,2.78050947189331,0.188164278864861,0.166431486606598,0.191060408949852,-0.103938087821007,-0.0500367172062397,0.0879763215780258,0.00980187673121691,0.0424267910420895
