"age","sexm","nihss_baseline","mrs_before1","mrs_before2","mrs_before3","mrs_before4","stroke_beforey","tia_beforey","rf_hypertoniay","rf_diabetesy","rf_hypercholesterolemiay","rf_smokery","rf_atrial_fibrillationy","rf_chdy"
0.00693904375657439,-0.00319928582757711,0.91106379032135,0.47718021273613,1.73013043403625,0.934145510196686,1.91200566291809,0.0316628366708755,0.0409816429018974,0.247888639569283,-0.0757737830281258,-0.0898800939321518,0.172403857111931,0.0918371975421906,0.17791260778904
