"age","sexm","nihss_baseline","mrs_before1","mrs_before2","mrs_before3","mrs_before4","stroke_beforey","tia_beforey","rf_hypertoniay","rf_diabetesy","rf_hypercholesterolemiay","rf_smokery","rf_atrial_fibrillationy","rf_chdy"
0.0959159880876541,-0.0112250614911318,0.976262509822845,0.338874191045761,1.41835725307465,1.0137232542038,2.7954113483429,0.194320768117905,0.166664615273476,0.189782693982124,-0.1044692248106,-0.0507221259176731,0.0893644616007805,0.0102067887783051,0.0411544851958752
