"mrs_before1","mrs_before2","mrs_before3","mrs_before4"
0.415710687637329,1.81451749801636,1.1688152551651,2.87184381484985
