"age","sexm","nihss_baseline","mrs_before1","mrs_before2","mrs_before3","mrs_before4","stroke_beforey","tia_beforey","rf_hypertoniay","rf_diabetesy","rf_hypercholesterolemiay","rf_smokery","rf_atrial_fibrillationy","rf_chdy"
0.0326962135732174,-0.0191223565489054,1.24341142177582,0.748890697956085,1.47979485988617,1.18947339057922,1.6900075674057,0.166678890585899,0.032216764986515,0.180730491876602,-0.021339999511838,0.0432793572545052,0.111561194062233,0.145079120993614,0.031112689524889
