"age","sexm","nihss_baseline","mrs_before1","mrs_before2","mrs_before3","mrs_before4","stroke_beforey","tia_beforey","rf_hypertoniay","rf_diabetesy","rf_hypercholesterolemiay","rf_smokery","rf_atrial_fibrillationy","rf_chdy"
-0.05316411703825,-0.0333321504294872,1.04272186756134,0.587861359119415,1.88065469264984,1.5180332660675,2.24699473381042,0.101715676486492,0.0361286401748657,0.198898449540138,0.0220761876553297,-0.168674856424332,0.112790130078793,-0.0602160133421421,0.151144132018089
