"age","sexm","nihss_baseline","mrs_before1","mrs_before2","mrs_before3","mrs_before4","stroke_beforey","tia_beforey","rf_hypertoniay","rf_diabetesy","rf_hypercholesterolemiay","rf_smokery","rf_atrial_fibrillationy","rf_chdy"
0.0347108244895935,0.048587579280138,0.987704515457153,0.747004210948944,1.61442899703979,1.08585131168365,1.80843484401703,0.128644004464149,0.0204934049397707,0.192190676927567,-0.0878114476799965,-0.148272275924683,0.0727255120873451,0.031023683026433,0.106118708848953
