"age","sexm","nihss_baseline","mrs_before1","mrs_before2","mrs_before3","mrs_before4","stroke_beforey","tia_beforey","rf_hypertoniay","rf_diabetesy","rf_hypercholesterolemiay","rf_smokery","rf_atrial_fibrillationy","rf_chdy"
0.0400635711848736,0.0533022508025169,0.981509268283844,0.750799655914307,1.61257076263428,1.086754322052,1.8075293302536,0.132300868630409,0.0202816799283028,0.199931904673576,-0.0840038135647774,-0.149582013487816,0.0744190365076065,0.033925574272871,0.110023856163025
