"age","sexm","nihss_baseline","mrs_before1","mrs_before2","mrs_before3","mrs_before4","stroke_beforey","tia_beforey","rf_hypertoniay","rf_diabetesy","rf_hypercholesterolemiay","rf_smokery","rf_atrial_fibrillationy","rf_chdy"
-0.0443096905946732,-0.0287949945777655,1.03586888313293,0.584018290042877,1.88168799877167,1.51964378356934,2.23437237739563,0.109888359904289,0.0426996424794197,0.200642496347427,0.023469178006053,-0.165316313505173,0.10091308504343,-0.0659564509987831,0.149606868624687
