"mrs_before1","mrs_before2","mrs_before3","mrs_before4"
0.669231951236725,1.89085745811462,1.6670640707016,3.04030513763428
