"age","sexm","nihss_baseline","mrs_before1","mrs_before2","mrs_before3","mrs_before4","stroke_beforey","tia_beforey","rf_hypertoniay","rf_diabetesy","rf_hypercholesterolemiay","rf_smokery","rf_atrial_fibrillationy","rf_chdy"
-0.0716295316815376,0.0422691032290459,0.934172093868256,0.315213054418564,1.65175211429596,0.962007224559784,0.836548209190369,0.229495242238045,0.0161909405142069,0.222901523113251,0.0394151024520397,-0.0114119602367282,0.132967367768288,0.110596232116222,0.0326913110911846
