"mrs_before1","mrs_before2","mrs_before3","mrs_before4"
0.538644731044769,1.79524767398834,1.01135468482971,2.91084003448486
