"age","sexm","nihss_baseline","mrs_before1","mrs_before2","mrs_before3","mrs_before4","stroke_beforey","tia_beforey","rf_hypertoniay","rf_diabetesy","rf_hypercholesterolemiay","rf_smokery","rf_atrial_fibrillationy","rf_chdy"
-0.0614281967282295,-0.0231120064854622,1.03748178482056,0.587373495101929,1.87661278247833,1.51076459884644,2.2312126159668,0.107216589152813,0.0435404591262341,0.191874235868454,0.0120583893731236,-0.169168278574944,0.118546828627586,-0.0682156458497047,0.154403656721115
