"mrs_before1","mrs_before2","mrs_before3","mrs_before4"
0.56023246049881,1.64591908454895,0.98799866437912,2.90472769737244
