"age","sexm","nihss_baseline","mrs_before1","mrs_before2","mrs_before3","mrs_before4","stroke_beforey","tia_beforey","rf_hypertoniay","rf_diabetesy","rf_hypercholesterolemiay","rf_smokery","rf_atrial_fibrillationy","rf_chdy"
-0.0858157053589821,0.0389627404510975,0.935301005840302,0.316496670246124,1.6588169336319,0.949078321456909,0.85462474822998,0.228320345282555,0.019173676148057,0.221244305372238,0.0362805798649788,-0.0176960974931717,0.141874805092812,0.106347985565662,0.0249580945819616
