"mrs_before1","mrs_before2","mrs_before3","mrs_before4"
0.669718861579895,1.88887751102448,1.66492891311646,3.0431969165802
