"age","sexm","nihss_baseline","mrs_before1","mrs_before2","mrs_before3","mrs_before4","stroke_beforey","tia_beforey","rf_hypertoniay","rf_diabetesy","rf_hypercholesterolemiay","rf_smokery","rf_atrial_fibrillationy","rf_chdy"
0.0359053984284401,-0.0199226494878531,1.25043702125549,0.748634219169617,1.48420262336731,1.19635307788849,1.69032192230225,0.170260354876518,0.0341825857758522,0.186686500906944,-0.0203233640640974,0.0396500565111637,0.110867738723755,0.149579793214798,0.0359793603420258
