"mrs_before1","mrs_before2","mrs_before3","mrs_before4"
0.848385155200958,1.66547179222107,1.30947375297546,3.1378870010376
