"age","sexm","nihss_baseline","mrs_before1","mrs_before2","mrs_before3","mrs_before4","stroke_beforey","tia_beforey","rf_hypertoniay","rf_diabetesy","rf_hypercholesterolemiay","rf_smokery","rf_atrial_fibrillationy","rf_chdy"
0.0385247236951116,-0.0194842694483044,1.25257241622143,0.748445589362993,1.48584758998698,1.1974457785967,1.69014026069561,0.172196704348162,0.0344324186862034,0.184936131881252,-0.0203865321195382,0.040379892320185,0.110483429801595,0.151716218092565,0.0358695595603871
