"mrs_before1","mrs_before2","mrs_before3","mrs_before4"
0.556943356990814,1.65162599086761,0.986932337284088,2.8785445690155
