"age","sexm","nihss_baseline","mrs_before1","mrs_before2","mrs_before3","mrs_before4","stroke_beforey","tia_beforey","rf_hypertoniay","rf_diabetesy","rf_hypercholesterolemiay","rf_smokery","rf_atrial_fibrillationy","rf_chdy"
0.0244437176734209,-0.020818829536438,1.2495254278183,0.755040168762207,1.48625195026398,1.18974912166595,1.71623528003693,0.172573700547218,0.0192047692835331,0.188887283205986,-0.018405482172966,0.0350041836500168,0.119342654943466,0.142675071954727,0.0336338542401791
