"age","sexm","nihss_baseline","mrs_before1","mrs_before2","mrs_before3","mrs_before4","stroke_beforey","tia_beforey","rf_hypertoniay","rf_diabetesy","rf_hypercholesterolemiay","rf_smokery","rf_atrial_fibrillationy","rf_chdy"
0.0237540900707245,0.0483441390097141,0.990692973136902,0.75154834985733,1.61673271656036,1.08026671409607,1.81465649604797,0.130616873502731,0.02289660833776,0.191268190741539,-0.090717539191246,-0.151338204741478,0.0809729397296906,0.0298119634389877,0.106345273554325
