"age","sexm","nihss_baseline","mrs_before1","mrs_before2","mrs_before3","mrs_before4","stroke_beforey","tia_beforey","rf_hypertoniay","rf_diabetesy","rf_hypercholesterolemiay","rf_smokery","rf_atrial_fibrillationy","rf_chdy"
0.0369974747300148,-0.0190220735967159,1.25371193885803,0.74711936712265,1.48472630977631,1.19847404956818,1.69071745872498,0.172108337283134,0.0360224172472954,0.185383185744286,-0.0196549128741026,0.0403291173279285,0.112829580903053,0.151448622345924,0.0359918996691704
