"age","sexm","nihss_baseline","mrs_before1","mrs_before2","mrs_before3","mrs_before4","stroke_beforey","tia_beforey","rf_hypertoniay","rf_diabetesy","rf_hypercholesterolemiay","rf_smokery","rf_atrial_fibrillationy","rf_chdy"
0.0307143721729517,-0.0167187247425318,1.24468588829041,0.755070865154266,1.48512613773346,1.18975853919983,1.69575035572052,0.169331640005112,0.0321360565721989,0.183154538273811,-0.0211162883788347,0.0407378971576691,0.111201949417591,0.149349391460419,0.0309420041739941
