"mrs_before1","mrs_before2","mrs_before3","mrs_before4"
0.679870247840881,1.69796240329742,1.22601127624512,2.88088440895081
