"mrs_before1","mrs_before2","mrs_before3","mrs_before4"
0.554773807525635,1.64962983131409,0.985765814781189,2.88959550857544
