"age","sexm","nihss_baseline","mrs_before1","mrs_before2","mrs_before3","mrs_before4","stroke_beforey","tia_beforey","rf_hypertoniay","rf_diabetesy","rf_hypercholesterolemiay","rf_smokery","rf_atrial_fibrillationy","rf_chdy"
-0.0875224098563194,0.042728703469038,0.91287225484848,0.315780162811279,1.65446388721466,0.956553161144257,0.818773329257965,0.228609040379524,0.0200049821287394,0.223062425851822,0.0254014153033495,-0.0150626013055444,0.149193152785301,0.0996138155460358,0.0320781916379929
