"mrs_before1","mrs_before2","mrs_before3","mrs_before4"
0.54256272315979,1.79101777076721,1.00948238372803,2.90179085731506
