"age","sexm","nihss_baseline","mrs_before1","mrs_before2","mrs_before3","mrs_before4","stroke_beforey","tia_beforey","rf_hypertoniay","rf_diabetesy","rf_hypercholesterolemiay","rf_smokery","rf_atrial_fibrillationy","rf_chdy"
0.0948862880468369,-0.0168551076203585,0.983806073665619,0.331171602010727,1.41992521286011,1.0094211101532,2.77129626274109,0.188805237412453,0.169507682323456,0.193809539079666,-0.10436899214983,-0.0545266270637512,0.0879031717777252,0.00724190007895231,0.043756689876318
