"age","sexm","nihss_baseline","mrs_before1","mrs_before2","mrs_before3","mrs_before4","stroke_beforey","tia_beforey","rf_hypertoniay","rf_diabetesy","rf_hypercholesterolemiay","rf_smokery","rf_atrial_fibrillationy","rf_chdy"
0.0927835330367088,-0.0149038629606366,0.978536605834961,0.331072270870209,1.41692268848419,1.01131844520569,2.78793168067932,0.189234793186188,0.166138008236885,0.189094319939613,-0.104170814156532,-0.0506319105625153,0.0924247056245804,0.0102510824799538,0.0407958254218102
