"mrs_before1","mrs_before2","mrs_before3","mrs_before4"
0.680489718914032,1.69414591789246,1.22157299518585,2.86752319335938
