"age","sexm","nihss_baseline","mrs_before1","mrs_before2","mrs_before3","mrs_before4","stroke_beforey","tia_beforey","rf_hypertoniay","rf_diabetesy","rf_hypercholesterolemiay","rf_smokery","rf_atrial_fibrillationy","rf_chdy"
0.00292367953807116,-0.00490874331444502,0.914532423019409,0.481788009405136,1.72819578647614,0.933522522449493,1.91326606273651,0.0298221688717604,0.0390736497938633,0.248368740081787,-0.0766338407993317,-0.0917689874768257,0.173821806907654,0.092629462480545,0.180246874690056
