"age","sexm","nihss_baseline","mrs_before1","mrs_before2","mrs_before3","mrs_before4","stroke_beforey","tia_beforey","rf_hypertoniay","rf_diabetesy","rf_hypercholesterolemiay","rf_smokery","rf_atrial_fibrillationy","rf_chdy"
-0.0601777210831642,-0.032022088766098,1.05933308601379,0.586180806159973,1.88300573825836,1.51564264297485,2.24150609970093,0.0986691117286682,0.0356261841952801,0.198270097374916,0.0199578106403351,-0.176689654588699,0.115114651620388,-0.0623765587806702,0.157093212008476
