"age","sexm","nihss_baseline","mrs_before1","mrs_before2","mrs_before3","mrs_before4","stroke_beforey","tia_beforey","rf_hypertoniay","rf_diabetesy","rf_hypercholesterolemiay","rf_smokery","rf_atrial_fibrillationy","rf_chdy"
-0.0862684324383736,0.0415598079562187,0.932892560958862,0.317879915237427,1.66058456897736,0.954894363880157,0.84737640619278,0.228177785873413,0.0174605417996645,0.222546234726906,0.0416420921683311,-0.0156135363504291,0.141673624515533,0.106929033994675,0.0271661691367626
