"age","sexm","nihss_baseline","mrs_before1","mrs_before2","mrs_before3","mrs_before4","stroke_beforey","tia_beforey","rf_hypertoniay","rf_diabetesy","rf_hypercholesterolemiay","rf_smokery","rf_atrial_fibrillationy","rf_chdy"
0.0419882573187351,0.0470210909843445,0.984728336334229,0.749743521213531,1.61357069015503,1.09098446369171,1.80952858924866,0.130070000886917,0.0213929377496243,0.197125419974327,-0.0840227678418159,-0.149069845676422,0.0701870173215866,0.0345051772892475,0.109604299068451
