"mrs_before1","mrs_before2","mrs_before3","mrs_before4"
0.667021632194519,1.89410555362701,1.67569279670715,3.04485893249512
