"age","sexm","nihss_baseline","mrs_before1","mrs_before2","mrs_before3","mrs_before4","stroke_beforey","tia_beforey","rf_hypertoniay","rf_diabetesy","rf_hypercholesterolemiay","rf_smokery","rf_atrial_fibrillationy","rf_chdy"
0.00456947879865766,-0.00340601685456932,0.911444008350372,0.479340404272079,1.72507953643799,0.936029672622681,1.9084450006485,0.0346744321286678,0.0409050509333611,0.247447475790977,-0.0772223398089409,-0.0897530317306519,0.171444714069366,0.0895794481039047,0.176379770040512
