"age","sexm","nihss_baseline","mrs_before1","mrs_before2","mrs_before3","mrs_before4","stroke_beforey","tia_beforey","rf_hypertoniay","rf_diabetesy","rf_hypercholesterolemiay","rf_smokery","rf_atrial_fibrillationy","rf_chdy"
-0.00947950035333633,0.000649882364086807,0.917835772037506,0.483989387750626,1.73758327960968,0.929943561553955,1.92619872093201,0.0317826978862286,0.0329682677984238,0.248940721154213,-0.0808684974908829,-0.0914791896939278,0.183836713433266,0.0858614221215248,0.183585062623024
