"age","sexm","nihss_baseline","mrs_before1","mrs_before2","mrs_before3","mrs_before4","stroke_beforey","tia_beforey","rf_hypertoniay","rf_diabetesy","rf_hypercholesterolemiay","rf_smokery","rf_atrial_fibrillationy","rf_chdy"
-0.0693250799266359,0.0440683453699336,0.933914564939607,0.313079977229973,1.65364183985499,0.962541226684726,0.837508827570042,0.231370289660482,0.017165186688723,0.225517436372854,0.0415050113822751,-0.012130746072892,0.131538525619444,0.109479997032032,0.032573953176662
