"mrs_before1","mrs_before2","mrs_before3","mrs_before4"
0.56412935256958,1.65087223052979,0.976860165596008,2.88590025901794
