"mrs_before1","mrs_before2","mrs_before3","mrs_before4"
0.555982828140259,1.64481508731842,0.985123813152313,2.89746141433716
