"age","sexm","nihss_baseline","mrs_before1","mrs_before2","mrs_before3","mrs_before4","stroke_beforey","tia_beforey","rf_hypertoniay","rf_diabetesy","rf_hypercholesterolemiay","rf_smokery","rf_atrial_fibrillationy","rf_chdy"
0.0955695062875748,-0.0128772025927901,0.974428951740265,0.336242944002151,1.42076623439789,1.01397275924683,2.79301285743713,0.192667916417122,0.16701751947403,0.192595988512039,-0.104721710085869,-0.0502427853643894,0.0908623710274696,0.00790526624768972,0.0447640456259251
