"metric","lwr","med","upr","mod","method"
"brier",0.0824108465602322,0.104935189049321,0.13105859167668,"sils",NA
"eacc",0.109756097560976,0.150406504065041,0.195121951219512,"sils",NA
"eauc",0.0877673825185702,0.142974265729684,0.212613847300414,"sils",NA
"nll",0.280686713236828,0.344673018386057,0.416850950632562,"sils",NA
